{"eval_loss": 0.5807976722717285, "eval_accuracy": 0.8338709677419355, "eval_f1": 0.8262241663962648, "eval_precision": 0.8514228933952744, "eval_recall": 0.8338709677419355, "eval_runtime": 0.9916, "eval_samples_per_second": 625.256, "eval_steps_per_second": 5.042, "epoch": 10.0}