{"eval_loss": 0.6369155049324036, "eval_accuracy": 0.8127659574468085, "eval_f1": 0.8014555681410584, "eval_precision": 0.801769590036326, "eval_recall": 0.8127659574468085, "eval_runtime": 0.7612, "eval_samples_per_second": 617.419, "eval_steps_per_second": 5.255, "epoch": 10.0}